[
  {
    "username": "Syahril",
    "key": "1212",
    "expired": 8641761396145024
  },
  {
    "username": "uc",
    "key": "J5U9",
    "expired": 8641761396357655
  },
  {
    "username": "lanz",
    "key": "DYPE",
    "expired": 9441406435718
  },
  {
    "username": "dizz",
    "key": "BMG2",
    "expired": 865761397367881
  },
  {
    "username": "rayzen",
    "key": "TBQC",
    "expired": 865761401456944
  },
  {
    "username": "Cesiyy",
    "key": "1212",
    "expired": 88161403234944
  }
]